{"boundary": -34.24352264404297, "test_lb": -9.863281591994031, "test_nll": 8.549446325002068}