{"boundary": -22.394657135009766, "test_lb": -12.44352594441995, "test_nll": 9.857626061256628}