{"boundary": -55.537384033203125, "test_lb": -22.8833219736504, "test_nll": 15.858532053925853}